{
  "project_info": {
    "project_number": "159581863369",
    "firebase_url": "https://sendtexttupex.firebaseio.com",
    "project_id": "sendtexttupex",
    "storage_bucket": "sendtexttupex.appspot.com"
  },
  "client": [
    {
      "client_info": {
        "mobilesdk_app_id": "1:159581863369:android:b20c924eea9a76b8",
        "android_client_info": {
          "package_name": "com.example.firestore"
        }
      },
      "oauth_client": [
        {
          "client_id": "159581863369-tb4b2h6926e325fnd3lak2p4tm9lmmgp.apps.googleusercontent.com",
          "client_type": 1,
          "android_info": {
            "package_name": "com.example.firestore",
            "certificate_hash": "09e480f9cc966e72c4ff3680c4e50265e6c6bd6e"
          }
        },
        {
          "client_id": "159581863369-biua919qo4q1bpprlk1jsr3kgfiagsi2.apps.googleusercontent.com",
          "client_type": 3
        }
      ],
      "api_key": [
        {
          "current_key": "AIzaSyAXOa6WvYYanBq7LvFhHgXQWYHTJYL80AQ"
        }
      ],
      "services": {
        "appinvite_service": {
          "other_platform_oauth_client": [
            {
              "client_id": "159581863369-biua919qo4q1bpprlk1jsr3kgfiagsi2.apps.googleusercontent.com",
              "client_type": 3
            }
          ]
        }
      }
    }
  ],
  "configuration_version": "1"
}